,sp_name,sp_artist,sp_url,year,acousticness,analysis_url,danceability,duration_ms,energy,id,instrumentalness,key,liveness,loudness,mode,speechiness,tempo,time_signature,track_href,type,uri,valence
0,The Battle Of New Orleans,Johnny Horton,https://open.spotify.com/track/0dwpdcQkeZqpuoAPYD49N3,1959,0.764,https://api.spotify.com/v1/audio-analysis/0dwpdcQkeZqpuoAPYD49N3,0.703,151627,0.776,0dwpdcQkeZqpuoAPYD49N3,0,9,0.0988,-10.983,1,0.139,177.283,4,https://api.spotify.com/v1/tracks/0dwpdcQkeZqpuoAPYD49N3,audio_features,spotify:track:0dwpdcQkeZqpuoAPYD49N3,0.921
1,Mack the Knife,Bobby Darin,https://open.spotify.com/track/3E5ndyOfO6vFDEIE42HA8o,1959,0.76,https://api.spotify.com/v1/audio-analysis/3E5ndyOfO6vFDEIE42HA8o,0.549,184333,0.529,3E5ndyOfO6vFDEIE42HA8o,0,3,0.206,-12.291,0,0.108,82.755,4,https://api.spotify.com/v1/tracks/3E5ndyOfO6vFDEIE42HA8o,audio_features,spotify:track:3E5ndyOfO6vFDEIE42HA8o,0.464
2,Personality,Lloyd Price,https://open.spotify.com/track/5vjigjfoXuJEttqLB3HTAg,1959,0.744,https://api.spotify.com/v1/audio-analysis/5vjigjfoXuJEttqLB3HTAg,0.591,157733,0.454,5vjigjfoXuJEttqLB3HTAg,0,5,0.0989,-8.936,1,0.0322,128.909,4,https://api.spotify.com/v1/tracks/5vjigjfoXuJEttqLB3HTAg,audio_features,spotify:track:5vjigjfoXuJEttqLB3HTAg,0.865
3,Venus,Frankie Avalon,https://open.spotify.com/track/0DDkW8j34M5hvxj79uGmK7,1959,0.732,https://api.spotify.com/v1/audio-analysis/0DDkW8j34M5hvxj79uGmK7,0.558,143493,0.483,0DDkW8j34M5hvxj79uGmK7,2.76e-05,10,0.131,-10.229,1,0.0291,115.184,4,https://api.spotify.com/v1/tracks/0DDkW8j34M5hvxj79uGmK7,audio_features,spotify:track:0DDkW8j34M5hvxj79uGmK7,0.745
4,Lonely Boy,Paul Anka,https://open.spotify.com/track/4kh2S9hRpPvoF9JkwZcYGN,1959,0.352,https://api.spotify.com/v1/audio-analysis/4kh2S9hRpPvoF9JkwZcYGN,0.623,151107,0.605,4kh2S9hRpPvoF9JkwZcYGN,0,0,0.101,-9.923,1,0.0306,106.163,3,https://api.spotify.com/v1/tracks/4kh2S9hRpPvoF9JkwZcYGN,audio_features,spotify:track:4kh2S9hRpPvoF9JkwZcYGN,0.804
5,Dream Lover,Bobby Darin,https://open.spotify.com/track/1KLpjQFgubHI3GkAICCNH3,1959,0.715,https://api.spotify.com/v1/audio-analysis/1KLpjQFgubHI3GkAICCNH3,0.526,150706,0.774,1KLpjQFgubHI3GkAICCNH3,0,5,0.437,-1.692,1,0.0459,131.715,4,https://api.spotify.com/v1/tracks/1KLpjQFgubHI3GkAICCNH3,audio_features,spotify:track:1KLpjQFgubHI3GkAICCNH3,0.715
6,The Three Bells,The Browns,https://open.spotify.com/track/24SbmQo3XQkNLpSBYda4DA,1959,0.893,https://api.spotify.com/v1/audio-analysis/24SbmQo3XQkNLpSBYda4DA,0.47,169573,0.159,24SbmQo3XQkNLpSBYda4DA,0,7,0.124,-14.795,1,0.0403,106.488,4,https://api.spotify.com/v1/tracks/24SbmQo3XQkNLpSBYda4DA,audio_features,spotify:track:24SbmQo3XQkNLpSBYda4DA,0.418
7,Come Softly To Me,The Fleetwoods,https://open.spotify.com/track/603N4XGJUTbK760GLCvIIs,1959,0.93,https://api.spotify.com/v1/audio-analysis/603N4XGJUTbK760GLCvIIs,0.601,144933,0.095,603N4XGJUTbK760GLCvIIs,0.000285,1,0.116,-18.478,1,0.0374,122.975,4,https://api.spotify.com/v1/tracks/603N4XGJUTbK760GLCvIIs,audio_features,spotify:track:603N4XGJUTbK760GLCvIIs,0.672
8,Kansas City,Wilbert Harrison,https://open.spotify.com/track/4GvyP7CnBJEV2t7L7vOkjw,1959,0.653,https://api.spotify.com/v1/audio-analysis/4GvyP7CnBJEV2t7L7vOkjw,0.727,150333,0.665,4GvyP7CnBJEV2t7L7vOkjw,0.233,1,0.349,-6.453,1,0.0352,114.979,4,https://api.spotify.com/v1/tracks/4GvyP7CnBJEV2t7L7vOkjw,audio_features,spotify:track:4GvyP7CnBJEV2t7L7vOkjw,0.912
9,Mr. Blue,The Fleetwoods,https://open.spotify.com/track/6bnFjTW3EnMG4BwreDnSHK,1959,0.931,https://api.spotify.com/v1/audio-analysis/6bnFjTW3EnMG4BwreDnSHK,0.374,145133,0.0889,6bnFjTW3EnMG4BwreDnSHK,6.88e-06,4,0.111,-17.475,1,0.0356,96.677,4,https://api.spotify.com/v1/tracks/6bnFjTW3EnMG4BwreDnSHK,audio_features,spotify:track:6bnFjTW3EnMG4BwreDnSHK,0.211
10,Sleep Walk,Santo & Johnny,https://open.spotify.com/track/0yK8sWD6cfrc7pGfaPIcZH,1959,0.759,https://api.spotify.com/v1/audio-analysis/0yK8sWD6cfrc7pGfaPIcZH,0.779,145333,0.212,0yK8sWD6cfrc7pGfaPIcZH,0.959,10,0.235,-9.759,0,0.0362,94.675,3,https://api.spotify.com/v1/tracks/0yK8sWD6cfrc7pGfaPIcZH,audio_features,spotify:track:0yK8sWD6cfrc7pGfaPIcZH,0.444
11,Put Your Head On My Shoulder,Paul Anka,https://open.spotify.com/track/2DpJ9T2RVRanZcYFHKOAfA,1959,0.747,https://api.spotify.com/v1/audio-analysis/2DpJ9T2RVRanZcYFHKOAfA,0.547,154733,0.335,2DpJ9T2RVRanZcYFHKOAfA,0,4,0.101,-9.2,0,0.0307,115.838,3,https://api.spotify.com/v1/tracks/2DpJ9T2RVRanZcYFHKOAfA,audio_features,spotify:track:2DpJ9T2RVRanZcYFHKOAfA,0.474
12,Stagger Lee,Lloyd Price,https://open.spotify.com/track/4MUGG9mgDUP8dlaS3AAeg0,1959,0.675,https://api.spotify.com/v1/audio-analysis/4MUGG9mgDUP8dlaS3AAeg0,0.396,144960,0.618,4MUGG9mgDUP8dlaS3AAeg0,0,3,0.0982,-8.209,1,0.0311,69.835,4,https://api.spotify.com/v1/tracks/4MUGG9mgDUP8dlaS3AAeg0,audio_features,spotify:track:4MUGG9mgDUP8dlaS3AAeg0,0.824
13,Donna - Single Version,Ritchie Valens,https://open.spotify.com/track/0VE4ayVlGs5DBoqOdgJ0Zv,1959,0.864,https://api.spotify.com/v1/audio-analysis/0VE4ayVlGs5DBoqOdgJ0Zv,0.472,150973,0.225,0VE4ayVlGs5DBoqOdgJ0Zv,0,5,0.111,-12.581,1,0.0263,100.299,3,https://api.spotify.com/v1/tracks/0VE4ayVlGs5DBoqOdgJ0Zv,audio_features,spotify:track:0VE4ayVlGs5DBoqOdgJ0Zv,0.29
14,Smoke Gets In Your Eyes,The Platters,https://open.spotify.com/track/2vSxjnyrWrtxyfzO47EX6q,1959,0.92,https://api.spotify.com/v1/audio-analysis/2vSxjnyrWrtxyfzO47EX6q,0.203,160933,0.295,2vSxjnyrWrtxyfzO47EX6q,2.05e-06,3,0.173,-11.155,1,0.0323,171.222,3,https://api.spotify.com/v1/tracks/2vSxjnyrWrtxyfzO47EX6q,audio_features,spotify:track:2vSxjnyrWrtxyfzO47EX6q,0.285
15,Charlie Brown,The Coasters,https://open.spotify.com/track/6Q0aBakbTsjQO6iGdxmXlx,1959,0.404,https://api.spotify.com/v1/audio-analysis/6Q0aBakbTsjQO6iGdxmXlx,0.646,141667,0.628,6Q0aBakbTsjQO6iGdxmXlx,5.03e-06,3,0.00967,-8.794,1,0.243,125.705,4,https://api.spotify.com/v1/tracks/6Q0aBakbTsjQO6iGdxmXlx,audio_features,spotify:track:6Q0aBakbTsjQO6iGdxmXlx,0.881
16,Quiet Village - Original Mono Version,Martin Denny,https://open.spotify.com/track/3ZI49HJE66dhI3EvYHDqSz,1959,0.685,https://api.spotify.com/v1/audio-analysis/3ZI49HJE66dhI3EvYHDqSz,0.818,220240,0.482,3ZI49HJE66dhI3EvYHDqSz,0.119,2,0.228,-8.915,0,0.0538,114.324,4,https://api.spotify.com/v1/tracks/3ZI49HJE66dhI3EvYHDqSz,audio_features,spotify:track:3ZI49HJE66dhI3EvYHDqSz,0.299
17,My Heart Is An Open Book,"Carl Dobkins, Jr.",https://open.spotify.com/track/4oPoduVWqtgmHj7L2aIM9Y,1959,0.582,https://api.spotify.com/v1/audio-analysis/4oPoduVWqtgmHj7L2aIM9Y,0.74,120320,0.428,4oPoduVWqtgmHj7L2aIM9Y,1.63e-06,4,0.194,-10.398,1,0.0928,134.008,4,https://api.spotify.com/v1/tracks/4oPoduVWqtgmHj7L2aIM9Y,audio_features,spotify:track:4oPoduVWqtgmHj7L2aIM9Y,0.731
18,('Til) I Kissed You,The Everly Brothers,https://open.spotify.com/track/2erTdgDOZmjJNaNhjhWXhJ,1959,0.401,https://api.spotify.com/v1/audio-analysis/2erTdgDOZmjJNaNhjhWXhJ,0.518,146067,0.432,2erTdgDOZmjJNaNhjhWXhJ,0,10,0.299,-11.689,0,0.0459,139.567,4,https://api.spotify.com/v1/tracks/2erTdgDOZmjJNaNhjhWXhJ,audio_features,spotify:track:2erTdgDOZmjJNaNhjhWXhJ,0.701
19,Sea Of Love,Phil Phillips & The Twilights,https://open.spotify.com/track/4gUDdUr5yK0JGlR49zSRVt,1959,0.786,https://api.spotify.com/v1/audio-analysis/4gUDdUr5yK0JGlR49zSRVt,0.449,141933,0.571,4gUDdUr5yK0JGlR49zSRVt,0,7,0.385,-5.848,1,0.0281,127.565,3,https://api.spotify.com/v1/tracks/4gUDdUr5yK0JGlR49zSRVt,audio_features,spotify:track:4gUDdUr5yK0JGlR49zSRVt,0.308
20,The Happy Organ,"Dave ""Baby"" Cortez",https://open.spotify.com/track/4HCfvYhhYPmfu0JMHamXeL,1959,0.544,https://api.spotify.com/v1/audio-analysis/4HCfvYhhYPmfu0JMHamXeL,0.636,125200,0.888,4HCfvYhhYPmfu0JMHamXeL,0.141,1,0.0763,-6.811,1,0.0314,91.19,4,https://api.spotify.com/v1/tracks/4HCfvYhhYPmfu0JMHamXeL,audio_features,spotify:track:4HCfvYhhYPmfu0JMHamXeL,0.97
21,Sorry (I Ran All The Way Home),The Impalas,https://open.spotify.com/track/6LHCwuY2YSQSS4qb3gooVg,1959,0.702,https://api.spotify.com/v1/audio-analysis/6LHCwuY2YSQSS4qb3gooVg,0.668,149667,0.328,6LHCwuY2YSQSS4qb3gooVg,0.00913,3,0.121,-12.917,1,0.0389,131.775,4,https://api.spotify.com/v1/tracks/6LHCwuY2YSQSS4qb3gooVg,audio_features,spotify:track:6LHCwuY2YSQSS4qb3gooVg,0.885
22,A Teenager In Love,Dion & The Belmonts,https://open.spotify.com/track/0QGwOFQChzflLAmPq5NwKo,1959,0.671,https://api.spotify.com/v1/audio-analysis/0QGwOFQChzflLAmPq5NwKo,0.555,158253,0.377,0QGwOFQChzflLAmPq5NwKo,0,1,0.128,-9.123,1,0.0295,78.986,4,https://api.spotify.com/v1/tracks/0QGwOFQChzflLAmPq5NwKo,audio_features,spotify:track:0QGwOFQChzflLAmPq5NwKo,0.619
23,16 Candles,The Crests,https://open.spotify.com/track/4QbpBv2ka7Zpbrrl5QFAgy,1959,0.733,https://api.spotify.com/v1/audio-analysis/4QbpBv2ka7Zpbrrl5QFAgy,0.591,172460,0.472,4QbpBv2ka7Zpbrrl5QFAgy,0,10,0.0987,-4.906,1,0.0261,114.097,3,https://api.spotify.com/v1/tracks/4QbpBv2ka7Zpbrrl5QFAgy,audio_features,spotify:track:4QbpBv2ka7Zpbrrl5QFAgy,0.627
24,It's Just a Matter of Time - Rerecorded,Brook Benton,https://open.spotify.com/track/3UjVdOZBluypI9Qdc4IPsB,1959,0.858,https://api.spotify.com/v1/audio-analysis/3UjVdOZBluypI9Qdc4IPsB,0.57,145067,0.273,3UjVdOZBluypI9Qdc4IPsB,0.151,3,0.17,-13.659,1,0.0332,100.965,3,https://api.spotify.com/v1/tracks/3UjVdOZBluypI9Qdc4IPsB,audio_features,spotify:track:3UjVdOZBluypI9Qdc4IPsB,0.471
25,Lipstick On Your Collar,Connie Francis,https://open.spotify.com/track/5Y1GkapUCSqXvoAujohJL2,1959,0.833,https://api.spotify.com/v1/audio-analysis/5Y1GkapUCSqXvoAujohJL2,0.538,138933,0.884,5Y1GkapUCSqXvoAujohJL2,0.000307,7,0.193,-7.74,1,0.0481,165.624,4,https://api.spotify.com/v1/tracks/5Y1GkapUCSqXvoAujohJL2,audio_features,spotify:track:5Y1GkapUCSqXvoAujohJL2,0.901
26,There Goes My Baby,The Drifters,https://open.spotify.com/track/2s4B4fUlVIkE4ELgoupjXL,1959,0.596,https://api.spotify.com/v1/audio-analysis/2s4B4fUlVIkE4ELgoupjXL,0.239,129613,0.564,2s4B4fUlVIkE4ELgoupjXL,0,6,0.704,-6.544,0,0.035,77.58,5,https://api.spotify.com/v1/tracks/2s4B4fUlVIkE4ELgoupjXL,audio_features,spotify:track:2s4B4fUlVIkE4ELgoupjXL,0.642
27,A Big Hunk O' Love,Elvis Presley,https://open.spotify.com/track/6PUsG2iMvCjnPFLjydO1RR,1959,0.822,https://api.spotify.com/v1/audio-analysis/6PUsG2iMvCjnPFLjydO1RR,0.551,133093,0.934,6PUsG2iMvCjnPFLjydO1RR,0.143,7,0.419,-6.66,0,0.0481,87.055,4,https://api.spotify.com/v1/tracks/6PUsG2iMvCjnPFLjydO1RR,audio_features,spotify:track:6PUsG2iMvCjnPFLjydO1RR,0.96
28,Red River Rock,Johnny & The Hurricanes,https://open.spotify.com/track/643QHUvRNchbEDfcDvMILB,1959,0.662,https://api.spotify.com/v1/audio-analysis/643QHUvRNchbEDfcDvMILB,0.339,138240,0.935,643QHUvRNchbEDfcDvMILB,0.000749,11,0.182,-4.802,1,0.103,151.348,4,https://api.spotify.com/v1/tracks/643QHUvRNchbEDfcDvMILB,audio_features,spotify:track:643QHUvRNchbEDfcDvMILB,0.783
29,Waterloo,Stonewall Jackson,https://open.spotify.com/track/3YXPyakTFaoVS2ffimogLR,1959,0.482,https://api.spotify.com/v1/audio-analysis/3YXPyakTFaoVS2ffimogLR,0.463,146933,0.607,3YXPyakTFaoVS2ffimogLR,0,8,0.117,-10.714,0,0.0299,203.85,4,https://api.spotify.com/v1/tracks/3YXPyakTFaoVS2ffimogLR,audio_features,spotify:track:3YXPyakTFaoVS2ffimogLR,0.964
30,(Now and Then There's) A Fool Such as I,Elvis Presley,https://open.spotify.com/track/53Wf6uVFYa1Ef1pltkA54Q,1959,0.91,https://api.spotify.com/v1/audio-analysis/53Wf6uVFYa1Ef1pltkA54Q,0.622,157533,0.713,53Wf6uVFYa1Ef1pltkA54Q,0.000179,0,0.147,-8.104,1,0.0709,128.751,4,https://api.spotify.com/v1/tracks/53Wf6uVFYa1Ef1pltkA54Q,audio_features,spotify:track:53Wf6uVFYa1Ef1pltkA54Q,0.601
31,Guitar Boogie Shuffle,Frank Virture and The Virtues,https://open.spotify.com/track/6CIHxvT7MnSGsJLCoihLtV,1959,0.105,https://api.spotify.com/v1/audio-analysis/6CIHxvT7MnSGsJLCoihLtV,0.542,156800,0.946,6CIHxvT7MnSGsJLCoihLtV,0.0309,4,0.0854,-7.03,1,0.0578,93.164,4,https://api.spotify.com/v1/tracks/6CIHxvT7MnSGsJLCoihLtV,audio_features,spotify:track:6CIHxvT7MnSGsJLCoihLtV,0.482
32,Teen Beat' 65,Sandy Nelson,https://open.spotify.com/track/2UbUp7nSoua1BTw4zBAqGJ,1959,0.00612,https://api.spotify.com/v1/audio-analysis/2UbUp7nSoua1BTw4zBAqGJ,0.439,159427,0.961,2UbUp7nSoua1BTw4zBAqGJ,0.882,1,0.352,-9.381,0,0.0559,102.43,4,https://api.spotify.com/v1/tracks/2UbUp7nSoua1BTw4zBAqGJ,audio_features,spotify:track:2UbUp7nSoua1BTw4zBAqGJ,0.722
33,Tragedy,Thomas Wayne,https://open.spotify.com/track/7HX8vPJ5pGW7ZjSGsQym5Y,1959,0.991,https://api.spotify.com/v1/audio-analysis/7HX8vPJ5pGW7ZjSGsQym5Y,0.215,131507,0.142,7HX8vPJ5pGW7ZjSGsQym5Y,0.018,1,0.14,-14.35,1,0.0285,73.84,4,https://api.spotify.com/v1/tracks/7HX8vPJ5pGW7ZjSGsQym5Y,audio_features,spotify:track:7HX8vPJ5pGW7ZjSGsQym5Y,0.158
34,My Happiness,Connie Francis,https://open.spotify.com/track/3Caxz7mxX1pTWlxCYH1aV3,1959,0.843,https://api.spotify.com/v1/audio-analysis/3Caxz7mxX1pTWlxCYH1aV3,0.468,148253,0.346,3Caxz7mxX1pTWlxCYH1aV3,1.84e-06,10,0.13,-7.382,1,0.0299,108.853,4,https://api.spotify.com/v1/tracks/3Caxz7mxX1pTWlxCYH1aV3,audio_features,spotify:track:3Caxz7mxX1pTWlxCYH1aV3,0.298
35,Tiger,Fabian,https://open.spotify.com/track/0FTJE40z7UhPxdJOLiHQ0N,1959,0.78,https://api.spotify.com/v1/audio-analysis/0FTJE40z7UhPxdJOLiHQ0N,0.561,149520,0.573,0FTJE40z7UhPxdJOLiHQ0N,0.00118,4,0.503,-16.162,0,0.0366,167.557,4,https://api.spotify.com/v1/tracks/0FTJE40z7UhPxdJOLiHQ0N,audio_features,spotify:track:0FTJE40z7UhPxdJOLiHQ0N,0.962
36,Never Be Anyone Else But You - Remastered,Ricky Nelson,https://open.spotify.com/track/0snHlyyyUp2hKYEz7ffmkx,1959,0.127,https://api.spotify.com/v1/audio-analysis/0snHlyyyUp2hKYEz7ffmkx,0.577,136267,0.45,0snHlyyyUp2hKYEz7ffmkx,7.16e-05,0,0.138,-10.327,1,0.0352,141.701,3,https://api.spotify.com/v1/tracks/0snHlyyyUp2hKYEz7ffmkx,audio_features,spotify:track:0snHlyyyUp2hKYEz7ffmkx,0.711
37,You Donâ€™t Know How Blessed You Are,Della Reese,https://open.spotify.com/track/6KceGfo54oVMtf7mc2m9DM,1959,0.239,https://api.spotify.com/v1/audio-analysis/6KceGfo54oVMtf7mc2m9DM,0.509,128934,0.346,6KceGfo54oVMtf7mc2m9DM,1.78e-06,8,0.129,-14.648,0,0.0495,125.109,3,https://api.spotify.com/v1/tracks/6KceGfo54oVMtf7mc2m9DM,audio_features,spotify:track:6KceGfo54oVMtf7mc2m9DM,0.655
38,I Need Your Love Tonight - Live,Elvis Presley,https://open.spotify.com/track/1SoFz4D2PWB98avdJnt0XD,1959,0.863,https://api.spotify.com/v1/audio-analysis/1SoFz4D2PWB98avdJnt0XD,0.509,124627,0.8,1SoFz4D2PWB98avdJnt0XD,0.000166,7,0.475,-8.695,1,0.0462,180.595,4,https://api.spotify.com/v1/tracks/1SoFz4D2PWB98avdJnt0XD,audio_features,spotify:track:1SoFz4D2PWB98avdJnt0XD,0.966
39,What A Diff'rence A Day Made,Dinah Washington,https://open.spotify.com/track/66iKqUazBbTlAEjcZrpDkD,1959,0.925,https://api.spotify.com/v1/audio-analysis/66iKqUazBbTlAEjcZrpDkD,0.387,151867,0.117,66iKqUazBbTlAEjcZrpDkD,0.000171,0,0.109,-17.803,1,0.0299,93.575,4,https://api.spotify.com/v1/tracks/66iKqUazBbTlAEjcZrpDkD,audio_features,spotify:track:66iKqUazBbTlAEjcZrpDkD,0.166
40,The All American Boy,Bill Parsons,https://open.spotify.com/track/4zzYDuf3fejT28Fj4N3LEM,1959,0.722,https://api.spotify.com/v1/audio-analysis/4zzYDuf3fejT28Fj4N3LEM,0.49,182267,0.779,4zzYDuf3fejT28Fj4N3LEM,0,4,0.338,-8.33,1,0.0722,148.79,4,https://api.spotify.com/v1/tracks/4zzYDuf3fejT28Fj4N3LEM,audio_features,spotify:track:4zzYDuf3fejT28Fj4N3LEM,0.939
41,Primrose Lane,Jerry Wallace,https://open.spotify.com/track/4bFHIZcJH8hq1JpYyA2hLw,1959,0.953,https://api.spotify.com/v1/audio-analysis/4bFHIZcJH8hq1JpYyA2hLw,0.552,142960,0.319,4bFHIZcJH8hq1JpYyA2hLw,0.523,8,0.17,-15.533,0,0.0311,121.145,4,https://api.spotify.com/v1/tracks/4bFHIZcJH8hq1JpYyA2hLw,audio_features,spotify:track:4bFHIZcJH8hq1JpYyA2hLw,0.358
42,Alvin's Harmonica - Remastered 1999,David Seville,https://open.spotify.com/track/6EanPjcrgRrLjs23SPQAaa,1959,0.587,https://api.spotify.com/v1/audio-analysis/6EanPjcrgRrLjs23SPQAaa,0.51,162040,0.41,6EanPjcrgRrLjs23SPQAaa,0.0143,8,0.506,-12.257,1,0.0469,120.779,4,https://api.spotify.com/v1/tracks/6EanPjcrgRrLjs23SPQAaa,audio_features,spotify:track:6EanPjcrgRrLjs23SPQAaa,0.82
43,Lonely Street,Andy Williams,https://open.spotify.com/track/4vzwzP3O4ihgi4FdewHMsb,1959,0.95,https://api.spotify.com/v1/audio-analysis/4vzwzP3O4ihgi4FdewHMsb,0.428,166493,0.111,4vzwzP3O4ihgi4FdewHMsb,0.0115,9,0.087,-16.501,1,0.0317,100.486,3,https://api.spotify.com/v1/tracks/4vzwzP3O4ihgi4FdewHMsb,audio_features,spotify:track:4vzwzP3O4ihgi4FdewHMsb,0.389
44,Broken Hearted Melody,Sarah Vaughan,https://open.spotify.com/track/5X4lsUAYrT5m0IyL6Xm8T5,1959,0.796,https://api.spotify.com/v1/audio-analysis/5X4lsUAYrT5m0IyL6Xm8T5,0.45,143360,0.544,5X4lsUAYrT5m0IyL6Xm8T5,0,7,0.194,-10.011,1,0.0378,132.542,4,https://api.spotify.com/v1/tracks/5X4lsUAYrT5m0IyL6Xm8T5,audio_features,spotify:track:5X4lsUAYrT5m0IyL6Xm8T5,0.75
45,Only You,Franck Pourcel,https://open.spotify.com/track/3y35c71yb6I1OtwmhwT1Cq,1959,0.588,https://api.spotify.com/v1/audio-analysis/3y35c71yb6I1OtwmhwT1Cq,0.239,152933,0.559,3y35c71yb6I1OtwmhwT1Cq,0.795,3,0.274,-8.083,1,0.0313,78.462,4,https://api.spotify.com/v1/tracks/3y35c71yb6I1OtwmhwT1Cq,audio_features,spotify:track:3y35c71yb6I1OtwmhwT1Cq,0.28
46,Gotta Travel On,Billy Grammer,https://open.spotify.com/track/3HynxUWKnm7rtzjVkyXoHu,1959,0.822,https://api.spotify.com/v1/audio-analysis/3HynxUWKnm7rtzjVkyXoHu,0.568,150493,0.512,3HynxUWKnm7rtzjVkyXoHu,1.14e-05,3,0.0941,-12.223,1,0.0764,177.144,4,https://api.spotify.com/v1/tracks/3HynxUWKnm7rtzjVkyXoHu,audio_features,spotify:track:3HynxUWKnm7rtzjVkyXoHu,0.892
47,Poison Ivy,The Coasters,https://open.spotify.com/track/5y3EUvXJouxlUk5FLOblFB,1959,0.381,https://api.spotify.com/v1/audio-analysis/5y3EUvXJouxlUk5FLOblFB,0.75,164320,0.586,5y3EUvXJouxlUk5FLOblFB,0,1,0.142,-8.985,1,0.0706,137.194,4,https://api.spotify.com/v1/tracks/5y3EUvXJouxlUk5FLOblFB,audio_features,spotify:track:5y3EUvXJouxlUk5FLOblFB,0.972
48,Turn Me Loose,Fabian,https://open.spotify.com/track/1iXc0JgobSzRt5ZtccFWJd,1959,0.911,https://api.spotify.com/v1/audio-analysis/1iXc0JgobSzRt5ZtccFWJd,0.449,156693,0.098,1iXc0JgobSzRt5ZtccFWJd,1.23e-05,5,0.113,-20.66,1,0.0315,94.996,4,https://api.spotify.com/v1/tracks/1iXc0JgobSzRt5ZtccFWJd,audio_features,spotify:track:1iXc0JgobSzRt5ZtccFWJd,0.538
49,Lonely Teardrops,Jackie Wilson,https://open.spotify.com/track/4xPNaHofsEWeDnD63eIUXp,1959,0.596,https://api.spotify.com/v1/audio-analysis/4xPNaHofsEWeDnD63eIUXp,0.591,164347,0.582,4xPNaHofsEWeDnD63eIUXp,0,7,0.784,-4.554,1,0.129,137.221,4,https://api.spotify.com/v1/tracks/4xPNaHofsEWeDnD63eIUXp,audio_features,spotify:track:4xPNaHofsEWeDnD63eIUXp,0.906
50,Hawaiian Wedding Song,Andy Williams,https://open.spotify.com/track/0gPX8VCqSEnYhIMHvqGUr7,1959,0.861,https://api.spotify.com/v1/audio-analysis/0gPX8VCqSEnYhIMHvqGUr7,0.278,150200,0.141,0gPX8VCqSEnYhIMHvqGUr7,0.002,10,0.382,-13.719,1,0.031,101.747,3,https://api.spotify.com/v1/tracks/0gPX8VCqSEnYhIMHvqGUr7,audio_features,spotify:track:0gPX8VCqSEnYhIMHvqGUr7,0.176
51,Forty Miles Of Bad Road,Duane Eddy,https://open.spotify.com/track/7vvIRamaiahhhXnFzA6wbB,1959,0.0434,https://api.spotify.com/v1/audio-analysis/7vvIRamaiahhhXnFzA6wbB,0.719,130600,0.685,7vvIRamaiahhhXnFzA6wbB,0.884,2,0.102,-11.918,1,0.0874,126.327,4,https://api.spotify.com/v1/tracks/7vvIRamaiahhhXnFzA6wbB,audio_features,spotify:track:7vvIRamaiahhhXnFzA6wbB,0.96
52,Just Ask Your Heart,Frankie Avalon,https://open.spotify.com/track/2dPsbJJSo55ZKmXLxr77Zd,1959,0.644,https://api.spotify.com/v1/audio-analysis/2dPsbJJSo55ZKmXLxr77Zd,0.451,150933,0.486,2dPsbJJSo55ZKmXLxr77Zd,3.43e-06,0,0.0926,-11.147,1,0.0295,175.955,4,https://api.spotify.com/v1/tracks/2dPsbJJSo55ZKmXLxr77Zd,audio_features,spotify:track:2dPsbJJSo55ZKmXLxr77Zd,0.953
53,Tell Him No,Travis & Bob,https://open.spotify.com/track/1Fjn0esWJFneKL73wJqgj8,1959,0.625,https://api.spotify.com/v1/audio-analysis/1Fjn0esWJFneKL73wJqgj8,0.314,131120,0.631,1Fjn0esWJFneKL73wJqgj8,0,9,0.252,-11.737,1,0.0734,184.594,4,https://api.spotify.com/v1/tracks/1Fjn0esWJFneKL73wJqgj8,audio_features,spotify:track:1Fjn0esWJFneKL73wJqgj8,0.912
54,Frankie,Connie Francis,https://open.spotify.com/track/3cmGF5NDmyRcc8XM3xbFWb,1959,0.796,https://api.spotify.com/v1/audio-analysis/3cmGF5NDmyRcc8XM3xbFWb,0.572,151200,0.483,3cmGF5NDmyRcc8XM3xbFWb,5.97e-06,3,0.175,-8.123,1,0.0253,99.605,3,https://api.spotify.com/v1/tracks/3cmGF5NDmyRcc8XM3xbFWb,audio_features,spotify:track:3cmGF5NDmyRcc8XM3xbFWb,0.609
55,I Cried a Tear,LaVern Baker,https://open.spotify.com/track/28dTB69zJBpBIiDH32Jp1M,1959,0.93,https://api.spotify.com/v1/audio-analysis/28dTB69zJBpBIiDH32Jp1M,0.348,155853,0.179,28dTB69zJBpBIiDH32Jp1M,0.0016,9,0.0992,-13.394,1,0.0315,169.232,3,https://api.spotify.com/v1/tracks/28dTB69zJBpBIiDH32Jp1M,audio_features,spotify:track:28dTB69zJBpBIiDH32Jp1M,0.547
56,Enchanted,The Platters,https://open.spotify.com/track/3uCXarDsIYEJ6noaI64jhW,1959,0.903,https://api.spotify.com/v1/audio-analysis/3uCXarDsIYEJ6noaI64jhW,0.354,172293,0.225,3uCXarDsIYEJ6noaI64jhW,1.67e-06,3,0.209,-13.889,1,0.0347,78.494,4,https://api.spotify.com/v1/tracks/3uCXarDsIYEJ6noaI64jhW,audio_features,spotify:track:3uCXarDsIYEJ6noaI64jhW,0.287
57,Since I Don't Have You,The Skyliners,https://open.spotify.com/track/5m1bCro6fYB2Vl6aRGCMpJ,1959,0.587,https://api.spotify.com/v1/audio-analysis/5m1bCro6fYB2Vl6aRGCMpJ,0.304,158851,0.598,5m1bCro6fYB2Vl6aRGCMpJ,0.000681,6,0.29,-4.212,1,0.0302,71.782,4,https://api.spotify.com/v1/tracks/5m1bCro6fYB2Vl6aRGCMpJ,audio_features,spotify:track:5m1bCro6fYB2Vl6aRGCMpJ,0.683
58,The Peter Gunn Theme,Ray Anthony & His Orchestra,https://open.spotify.com/track/1DeMOqqJ5lFegnaWTWFCQG,1959,0.599,https://api.spotify.com/v1/audio-analysis/1DeMOqqJ5lFegnaWTWFCQG,0.605,111293,0.522,1DeMOqqJ5lFegnaWTWFCQG,0.741,7,0.31,-12.757,0,0.0314,118.777,4,https://api.spotify.com/v1/tracks/1DeMOqqJ5lFegnaWTWFCQG,audio_features,spotify:track:1DeMOqqJ5lFegnaWTWFCQG,0.908
59,I Want To Walk You Home - Remastered,Fats Domino,https://open.spotify.com/track/7Eb6tK57j03HANxorHhd5h,1959,0.474,https://api.spotify.com/v1/audio-analysis/7Eb6tK57j03HANxorHhd5h,0.752,140933,0.382,7Eb6tK57j03HANxorHhd5h,0,1,0.157,-12.826,1,0.0412,89.872,4,https://api.spotify.com/v1/tracks/7Eb6tK57j03HANxorHhd5h,audio_features,spotify:track:7Eb6tK57j03HANxorHhd5h,0.825
60,So Fine,The Fiestas,https://open.spotify.com/track/5dTK0Jl2P6MSeVzeCGQBIy,1959,0.182,https://api.spotify.com/v1/audio-analysis/5dTK0Jl2P6MSeVzeCGQBIy,0.437,143000,0.413,5dTK0Jl2P6MSeVzeCGQBIy,0,3,0.279,-11.689,1,0.0314,142.327,4,https://api.spotify.com/v1/tracks/5dTK0Jl2P6MSeVzeCGQBIy,audio_features,spotify:track:5dTK0Jl2P6MSeVzeCGQBIy,0.621
61,Bobby Sox to Stockings,Frankie Avalon,https://open.spotify.com/track/5JIPLZrxKIaXNE7nnI6NUC,1959,0.829,https://api.spotify.com/v1/audio-analysis/5JIPLZrxKIaXNE7nnI6NUC,0.589,161533,0.47,5JIPLZrxKIaXNE7nnI6NUC,4.15e-06,7,0.224,-9.722,0,0.0297,117.866,4,https://api.spotify.com/v1/tracks/5JIPLZrxKIaXNE7nnI6NUC,audio_features,spotify:track:5JIPLZrxKIaXNE7nnI6NUC,0.614
62,Deck Of Cards,Wink Martindale,https://open.spotify.com/track/4U3S2BgQeX25uW0fEPDSSt,1959,0.871,https://api.spotify.com/v1/audio-analysis/4U3S2BgQeX25uW0fEPDSSt,0.49,240880,0.376,4U3S2BgQeX25uW0fEPDSSt,4.1e-06,0,0.121,-16.06,1,0.618,170.841,3,https://api.spotify.com/v1/tracks/4U3S2BgQeX25uW0fEPDSSt,audio_features,spotify:track:4U3S2BgQeX25uW0fEPDSSt,0.672
63,A Lover's Question,Clyde McPhatter,https://open.spotify.com/track/6HBgCYResmsdmOufyHVoNB,1959,0.887,https://api.spotify.com/v1/audio-analysis/6HBgCYResmsdmOufyHVoNB,0.67,150267,0.436,6HBgCYResmsdmOufyHVoNB,1.71e-05,0,0.0609,-11.698,1,0.0554,83.023,4,https://api.spotify.com/v1/tracks/6HBgCYResmsdmOufyHVoNB,audio_features,spotify:track:6HBgCYResmsdmOufyHVoNB,0.951
64,I Only Have Eyes for You,The Flamingos,https://open.spotify.com/track/3YdKJzcoMZMacISlpY4QoP,1959,0.916,https://api.spotify.com/v1/audio-analysis/3YdKJzcoMZMacISlpY4QoP,0.552,202773,0.313,3YdKJzcoMZMacISlpY4QoP,0.0017,5,0.12,-12.41,1,0.0296,88.554,3,https://api.spotify.com/v1/tracks/3YdKJzcoMZMacISlpY4QoP,audio_features,spotify:track:3YdKJzcoMZMacISlpY4QoP,0.303
65,It's Late,Ricky Nelson,https://open.spotify.com/track/5fWoxLPLPaJUy3Iostzl1C,1959,0.79,https://api.spotify.com/v1/audio-analysis/5fWoxLPLPaJUy3Iostzl1C,0.6,119667,0.795,5fWoxLPLPaJUy3Iostzl1C,0,8,0.0949,-8.077,1,0.0629,82.872,4,https://api.spotify.com/v1/tracks/5fWoxLPLPaJUy3Iostzl1C,audio_features,spotify:track:5fWoxLPLPaJUy3Iostzl1C,0.898
66,Petite Fleur,Chris Barber's Jazz Band,https://open.spotify.com/track/5IOrscHhyyr2LqbKu8wEXb,1959,0.946,https://api.spotify.com/v1/audio-analysis/5IOrscHhyyr2LqbKu8wEXb,0.712,163077,0.165,5IOrscHhyyr2LqbKu8wEXb,0.753,8,0.115,-12.996,0,0.036,112.342,4,https://api.spotify.com/v1/tracks/5IOrscHhyyr2LqbKu8wEXb,audio_features,spotify:track:5IOrscHhyyr2LqbKu8wEXb,0.47
67,Tall Paul,Annette Funicello,https://open.spotify.com/track/7oJujJSTfOKP1Gw95dK3Sy,1959,0.676,https://api.spotify.com/v1/audio-analysis/7oJujJSTfOKP1Gw95dK3Sy,0.382,97080,0.543,7oJujJSTfOKP1Gw95dK3Sy,4.94e-05,3,0.31,-9.582,1,0.0442,202.42,4,https://api.spotify.com/v1/tracks/7oJujJSTfOKP1Gw95dK3Sy,audio_features,spotify:track:7oJujJSTfOKP1Gw95dK3Sy,0.961
68,The Tijuana Jail - 1990 Digital Remaster,The Kingston Trio,https://open.spotify.com/track/4adwiDSem8c2jgiy66Bcsv,1959,0.795,https://api.spotify.com/v1/audio-analysis/4adwiDSem8c2jgiy66Bcsv,0.451,170907,0.263,4adwiDSem8c2jgiy66Bcsv,0,7,0.108,-13.567,1,0.0313,155.891,4,https://api.spotify.com/v1/tracks/4adwiDSem8c2jgiy66Bcsv,audio_features,spotify:track:4adwiDSem8c2jgiy66Bcsv,0.62
69,Just A Little Too Much - Remastered,Ricky Nelson,https://open.spotify.com/track/5mIfY39eTpWHj2gpEXvjb6,1959,0.673,https://api.spotify.com/v1/audio-analysis/5mIfY39eTpWHj2gpEXvjb6,0.705,131800,0.736,5mIfY39eTpWHj2gpEXvjb6,2.55e-06,8,0.251,-11.635,1,0.0339,91.634,4,https://api.spotify.com/v1/tracks/5mIfY39eTpWHj2gpEXvjb6,audio_features,spotify:track:5mIfY39eTpWHj2gpEXvjb6,0.968
70,Goodbye Baby,Jack Scott,https://open.spotify.com/track/16HL6HBaqUhWBaxcHMrZEF,1959,0.91,https://api.spotify.com/v1/audio-analysis/16HL6HBaqUhWBaxcHMrZEF,0.694,129333,0.547,16HL6HBaqUhWBaxcHMrZEF,0.0555,9,0.0996,-12.623,1,0.0291,130.222,4,https://api.spotify.com/v1/tracks/16HL6HBaqUhWBaxcHMrZEF,audio_features,spotify:track:16HL6HBaqUhWBaxcHMrZEF,0.764
71,Along Came Jones,The Coasters,https://open.spotify.com/track/4RPiAR1m2eglvjWMHHFu1Y,1959,0.504,https://api.spotify.com/v1/audio-analysis/4RPiAR1m2eglvjWMHHFu1Y,0.771,178053,0.758,4RPiAR1m2eglvjWMHHFu1Y,0,9,0.109,-6.013,1,0.3,104.684,4,https://api.spotify.com/v1/tracks/4RPiAR1m2eglvjWMHHFu1Y,audio_features,spotify:track:4RPiAR1m2eglvjWMHHFu1Y,0.758
72,A Boy Without a Girl,Frankie Avalon,https://open.spotify.com/track/0CUsZyJMSDjhdoQZxHhTtx,1959,0.749,https://api.spotify.com/v1/audio-analysis/0CUsZyJMSDjhdoQZxHhTtx,0.474,117093,0.22,0CUsZyJMSDjhdoQZxHhTtx,6.08e-06,4,0.154,-14.031,1,0.0262,98.988,3,https://api.spotify.com/v1/tracks/0CUsZyJMSDjhdoQZxHhTtx,audio_features,spotify:track:0CUsZyJMSDjhdoQZxHhTtx,0.361
73,Sweeter Than You,Ricky Nelson,https://open.spotify.com/track/4si2ZU8jVZWTuoUvkujcmw,1959,0.845,https://api.spotify.com/v1/audio-analysis/4si2ZU8jVZWTuoUvkujcmw,0.403,140760,0.125,4si2ZU8jVZWTuoUvkujcmw,1.37e-06,10,0.126,-12.067,1,0.0306,74.308,4,https://api.spotify.com/v1/tracks/4si2ZU8jVZWTuoUvkujcmw,audio_features,spotify:track:4si2ZU8jVZWTuoUvkujcmw,0.274
74,It Was I,Skip & Flip,https://open.spotify.com/track/1QJR1uYpBNVlCDS7NjpgUR,1959,0.757,https://api.spotify.com/v1/audio-analysis/1QJR1uYpBNVlCDS7NjpgUR,0.683,142420,0.939,1QJR1uYpBNVlCDS7NjpgUR,0,6,0.107,-9.546,1,0.0439,112.923,4,https://api.spotify.com/v1/tracks/1QJR1uYpBNVlCDS7NjpgUR,audio_features,spotify:track:1QJR1uYpBNVlCDS7NjpgUR,0.956
75,"Goodbye Jimmy, Goodbye",Kathy Linden,https://open.spotify.com/track/6HuqSvbR87hXHx8OfZuPPn,1959,0.89,https://api.spotify.com/v1/audio-analysis/6HuqSvbR87hXHx8OfZuPPn,0.4,156573,0.282,6HuqSvbR87hXHx8OfZuPPn,0,10,0.116,-10.418,1,0.0323,113.904,3,https://api.spotify.com/v1/tracks/6HuqSvbR87hXHx8OfZuPPn,audio_features,spotify:track:6HuqSvbR87hXHx8OfZuPPn,0.252
76,Endlessly,Brook Benton,https://open.spotify.com/track/5QiWvZvXVb9aF7XdtZxI1b,1959,0.333,https://api.spotify.com/v1/audio-analysis/5QiWvZvXVb9aF7XdtZxI1b,0.524,142333,0.33,5QiWvZvXVb9aF7XdtZxI1b,0,5,0.0706,-16.497,1,0.0344,133.181,4,https://api.spotify.com/v1/tracks/5QiWvZvXVb9aF7XdtZxI1b,audio_features,spotify:track:5QiWvZvXVb9aF7XdtZxI1b,0.813
77,Heartaches by the Numbers - Rerecorded,Guy Mitchell,https://open.spotify.com/track/1KcSPQqbbbBCFyAVmJySst,1959,0.481,https://api.spotify.com/v1/audio-analysis/1KcSPQqbbbBCFyAVmJySst,0.614,151720,0.562,1KcSPQqbbbBCFyAVmJySst,4.6e-06,5,0.12,-11.999,1,0.0815,171.677,4,https://api.spotify.com/v1/tracks/1KcSPQqbbbBCFyAVmJySst,audio_features,spotify:track:1KcSPQqbbbBCFyAVmJySst,0.815
78,Sea Cruise,Frankie Ford,https://open.spotify.com/track/3rs1ferv5DqJXU2Y1lzd50,1959,0.181,https://api.spotify.com/v1/audio-analysis/3rs1ferv5DqJXU2Y1lzd50,0.545,158600,0.662,3rs1ferv5DqJXU2Y1lzd50,0.000503,1,0.086,-10.294,1,0.127,167.026,4,https://api.spotify.com/v1/tracks/3rs1ferv5DqJXU2Y1lzd50,audio_features,spotify:track:3rs1ferv5DqJXU2Y1lzd50,0.676
79,That's Why (I Love You So),Jackie Wilson,https://open.spotify.com/track/3f2dCpOap3vfqebOyVPHIs,1959,0.673,https://api.spotify.com/v1/audio-analysis/3f2dCpOap3vfqebOyVPHIs,0.72,126227,0.803,3f2dCpOap3vfqebOyVPHIs,0,5,0.362,-8.443,1,0.0868,146.618,4,https://api.spotify.com/v1/tracks/3f2dCpOap3vfqebOyVPHIs,audio_features,spotify:track:3f2dCpOap3vfqebOyVPHIs,0.961
80,Kissin' Time,Bobby Rydell,https://open.spotify.com/track/21ZVvnP0MY0EbrOovH0tUp,1959,0.183,https://api.spotify.com/v1/audio-analysis/21ZVvnP0MY0EbrOovH0tUp,0.64,132373,0.92,21ZVvnP0MY0EbrOovH0tUp,8.07e-06,0,0.283,-5.51,0,0.0682,94.975,4,https://api.spotify.com/v1/tracks/21ZVvnP0MY0EbrOovH0tUp,audio_features,spotify:track:21ZVvnP0MY0EbrOovH0tUp,0.93
81,My Wish Came True,Elvis Presley,https://open.spotify.com/track/543SzJd0OFYwTU6AucokHq,1959,0.958,https://api.spotify.com/v1/audio-analysis/543SzJd0OFYwTU6AucokHq,0.254,154640,0.177,543SzJd0OFYwTU6AucokHq,1.49e-05,2,0.347,-11.765,1,0.0345,74.586,4,https://api.spotify.com/v1/tracks/543SzJd0OFYwTU6AucokHq,audio_features,spotify:track:543SzJd0OFYwTU6AucokHq,0.241
82,Morgen,Ivo Robic,https://open.spotify.com/track/3QyqMDxo8zUW5yYIQhcDX7,1959,0.892,https://api.spotify.com/v1/audio-analysis/3QyqMDxo8zUW5yYIQhcDX7,0.579,157400,0.432,3QyqMDxo8zUW5yYIQhcDX7,9.22e-05,10,0.0732,-6.67,1,0.0274,99.716,4,https://api.spotify.com/v1/tracks/3QyqMDxo8zUW5yYIQhcDX7,audio_features,spotify:track:3QyqMDxo8zUW5yYIQhcDX7,0.662
83,Baby Talk,Jan & Dean,https://open.spotify.com/track/2aBNUHJEIZhNePKpCEBAW0,1959,0.786,https://api.spotify.com/v1/audio-analysis/2aBNUHJEIZhNePKpCEBAW0,0.496,145800,0.463,2aBNUHJEIZhNePKpCEBAW0,0,11,0.306,-14.526,0,0.0283,104.863,4,https://api.spotify.com/v1/tracks/2aBNUHJEIZhNePKpCEBAW0,audio_features,spotify:track:2aBNUHJEIZhNePKpCEBAW0,0.566
84,Bongo Rock,Preston Epps,https://open.spotify.com/track/0DpjGs3EbsI1TKiYSSeTRF,1959,0.557,https://api.spotify.com/v1/audio-analysis/0DpjGs3EbsI1TKiYSSeTRF,0.347,126321,0.995,0DpjGs3EbsI1TKiYSSeTRF,0.839,4,0.276,-9.049,1,0.0712,169.043,4,https://api.spotify.com/v1/tracks/0DpjGs3EbsI1TKiYSSeTRF,audio_features,spotify:track:0DpjGs3EbsI1TKiYSSeTRF,0.591
85,Take A Message To Mary,The Everly Brothers,https://open.spotify.com/track/4w63lCZc725Oad6idtOLtO,1959,0.255,https://api.spotify.com/v1/audio-analysis/4w63lCZc725Oad6idtOLtO,0.745,150067,0.174,4w63lCZc725Oad6idtOLtO,0,4,0.141,-18.106,1,0.0525,118.292,4,https://api.spotify.com/v1/tracks/4w63lCZc725Oad6idtOLtO,audio_features,spotify:track:4w63lCZc725Oad6idtOLtO,0.305
86,Battle Hymn of the Republic,Mormon Tabernacle Choir,https://open.spotify.com/track/4X2oOZAf7Rv6PatkhdXefD,1959,0.871,https://api.spotify.com/v1/audio-analysis/4X2oOZAf7Rv6PatkhdXefD,0.354,278267,0.402,4X2oOZAf7Rv6PatkhdXefD,4.23e-05,10,0.353,-12.138,1,0.0532,108.67,4,https://api.spotify.com/v1/tracks/4X2oOZAf7Rv6PatkhdXefD,audio_features,spotify:track:4X2oOZAf7Rv6PatkhdXefD,0.176
87,In the Mood,Ernie Fields Orchestra,https://open.spotify.com/track/5zCGngps4WZhwlqtrRBQc2,1959,0.586,https://api.spotify.com/v1/audio-analysis/5zCGngps4WZhwlqtrRBQc2,0.442,166107,0.806,5zCGngps4WZhwlqtrRBQc2,0.977,1,0.328,-14.06,1,0.0348,162.417,4,https://api.spotify.com/v1/tracks/5zCGngps4WZhwlqtrRBQc2,audio_features,spotify:track:5zCGngps4WZhwlqtrRBQc2,0.974
